Designator,Val,Package,Mid X,Mid Y,Rotation,Layer
C1,220n,C_0603_1608Metric,59.64,-84.9,90.0,top
C10,1u,C_0402_1005Metric,70.84,-90.58,0.0,top
C11,1u,C_0402_1005Metric,81.365,-93.6,-90.0,top
C12,1u,C_0402_1005Metric,96.602,-94.534,180.0,top
C13,0.1u,C_0603_1608Metric,66.19,-94.3,-90.0,top
C14,0.1u,C_0603_1608Metric,79.765,-93.995,90.0,top
C15,0.1u,C_0603_1608Metric,97.122,-93.234,180.0,top
C16,10p,C_0603_1608Metric,71.39,-91.9,180.0,top
C17,4.7p,C_0603_1608Metric,85.465,-91.62,180.0,top
C18,10p,C_0603_1608Metric,100.497,-93.234,0.0,top
C19,10u,C_1210_3225Metric,69.365,-95.4,0.0,top
C2,220n,C_0603_1608Metric,86.514,-87.5952,-90.0,top
C20,22u,C_0402_1005Metric,83.0326,-93.0006,0.0,top
C21,10u,C_1210_3225Metric,104.04,-95.012,90.0,top
C22,10u,C_1210_3225Metric,69.315,-98.75,0.0,top
C23,22u,C_0402_1005Metric,83.0326,-94.0054,0.0,top
C24,10u,C_1210_3225Metric,107.596,-95.012,90.0,top
C25,4.7u,C_0402_1005Metric,90.324,-108.812,0.0,top
C26,4.7u,C_0402_1005Metric,78.655,-102.73,180.0,top
C27,100n,C_0402_1005Metric,78.675,-103.73,180.0,top
C28,4.7u,C_0402_1005Metric,78.633,-106.916,180.0,top
C29,4.7u,C_0402_1005Metric,78.655,-104.73,180.0,top
C3,220n,C_0603_1608Metric,92.132,-89.004,180.0,top
C30,100n,C_0402_1005Metric,78.635,-105.73,180.0,top
C31,100n,C_0402_1005Metric,90.324,-101.612,0.0,top
C32,100n,C_0402_1005Metric,90.324,-102.672,0.0,top
C33,100n,C_0402_1005Metric,90.324,-103.712,0.0,top
C34,100n,C_0402_1005Metric,90.324,-104.712,0.0,top
C35,100n,C_0402_1005Metric,90.324,-105.712,0.0,top
C36,100n,C_0402_1005Metric,90.324,-106.712,0.0,top
C37,100n,C_0402_1005Metric,90.324,-107.712,0.0,top
C38,15p,C_0402_1005Metric,84.34,-97.9725,-90.0,top
C39,15p,C_0402_1005Metric,83.64,-96.3725,0.0,top
C4,4.7u,C_0603_1608Metric,52.9,-88.0,90.0,top
C40,100n,C_0402_1005Metric,90.9508,-117.7937,90.0,top
C41,0.1u,C_0402_1005Metric,89.910798,-117.7937,-90.0,top
C42,10u,C_0603_1608Metric,195.085,-61.02,0.0,top
C43,10u,C_0603_1608Metric,215.6084,-61.008,0.0,top
C44,10u,C_0603_1608Metric,236.328,-61.0656,0.0,top
C45,10u,C_0603_1608Metric,243.317188,-104.404968,180.0,top
C46,10u,C_0603_1608Metric,222.716588,-104.480568,180.0,top
C47,10u,C_0603_1608Metric,202.219988,-104.435368,180.0,top
C48,4.7u,C_0603_1608Metric,196.975,-68.95,180.0,top
C49,4.7u,C_0603_1608Metric,217.4984,-68.938,180.0,top
C5,4.7u,C_0603_1608Metric,75.815,-87.72,90.0,top
C50,4.7u,C_0603_1608Metric,238.218,-68.9956,180.0,top
C51,4.7u,C_0603_1608Metric,241.427188,-96.474968,0.0,top
C52,4.7u,C_0603_1608Metric,220.826588,-96.550568,0.0,top
C53,4.7u,C_0603_1608Metric,200.329988,-96.505368,0.0,top
C54,0.47u,C_0603_1608Metric,194.76,-66.62,90.0,top
C55,0.47u,C_0603_1608Metric,215.2834,-66.608,90.0,top
C56,0.47u,C_0603_1608Metric,236.003,-66.6656,90.0,top
C57,0.47u,C_0603_1608Metric,243.642188,-98.804968,-90.0,top
C58,0.47u,C_0603_1608Metric,223.041588,-98.880568,-90.0,top
C59,0.47u,C_0603_1608Metric,202.544988,-98.835368,-90.0,top
C6,4.7u,C_0603_1608Metric,92.132,-90.604,180.0,top
C60,10u,C_0603_1608Metric,144.934,-84.0645,90.0,top
C61,10u,C_0603_1608Metric,170.588,-84.852,90.0,top
C62,4.7u,C_0603_1608Metric,147.982,-91.075,180.0,top
C63,0.47u,C_0603_1608Metric,132.234,-91.6715,180.0,top
C64,4.7u,C_0603_1608Metric,173.6615,-91.732,180.0,top
C65,0.47u,C_0603_1608Metric,157.2276,-92.1672,180.0,top
C66,10u,C_1210_3225Metric,171.43318,-99.354806,90.0,top
C67,10u,C_1210_3225Metric,152.3,-98.6275,90.0,top
C68,10u,C_1210_3225Metric,174.78832,-99.326618,90.0,top
C69,10u,C_1210_3225Metric,145.696,-98.5785,90.0,top
C7,1u,C_0402_1005Metric,70.84,-89.55,0.0,top
C70,10u,C_1210_3225Metric,178.1955,-99.308,90.0,top
C71,10u,C_1210_3225Metric,148.998,-98.5785,90.0,top
C72,0.1u,C_0603_1608Metric,54.002,-85.614,0.0,top
C73,0.1u,C_0603_1608Metric,230.942188,-101.984968,90.0,top
C74,0.1u,C_0603_1608Metric,248.703,-63.4856,-90.0,top
C75,0.1u,C_0603_1608Metric,227.9834,-63.428,-90.0,top
C76,0.1u,C_0603_1608Metric,207.46,-63.44,-90.0,top
C77,0.1u,C_0603_1608Metric,210.341588,-102.060568,90.0,top
C78,0.1u,C_0603_1608Metric,189.844988,-102.015368,90.0,top
C79,0.1u,C_0603_1608Metric,143.156,-97.7545,-90.0,top
C8,10n,C_0402_1005Metric,84.415,-89.77,-90.0,top
C80,0.1u,C_0603_1608Metric,168.7975,-98.533,-90.0,top
C9,10n,C_0402_1005Metric,102.622,-88.634,0.0,top
CN1,XT90PW-M.G.Y,CONN-TH_XT90PW-M.G.Y,67.205,-62.1825,0.0,top
CN10,XT60PW-M,CONN-TH_XT60PW-M,199.925,-54.95,-90.0,top
CN11,XT60PW-M,CONN-TH_XT60PW-M,220.547,-54.95,-90.0,top
CN12,XT60PW-M,CONN-TH_XT60PW-M,241.168,-54.95,-90.0,top
CN13,XT60PW-M,CONN-TH_XT60PW-M,238.477,-110.8,90.0,top
CN14,XT60PW-M,CONN-TH_XT60PW-M,217.877,-110.8,90.0,top
CN15,XT60PW-M,CONN-TH_XT60PW-M,197.38,-110.8,90.0,top
CN16,XT60PW-M,CONN-TH_XT60PW-M,146.56,-110.8,90.0,top
CN17,XT60PW-M,CONN-TH_XT60PW-M,163.12,-110.8,90.0,top
CN18,XT60PW-M,CONN-TH_XT60PW-M,179.87,-110.8,90.0,top
CN2,XT60PW-M,CONN-TH_XT60PW-M,64.275,-110.775,90.0,top
CN3,XT60PW-M,CONN-TH_XT60PW-M,47.665,-110.8,90.0,top
CN4,XT60PW-M,CONN-TH_XT60PW-M,113.265,-110.8,90.0,top
CN5,XT60PW-M,CONN-TH_XT60PW-M,129.715,-110.8,90.0,top
CN6,DF11-18DP-2DSA,CONN-TH_18P-P2.00_HCTL_HC-PHD-2X9A,94.452,-121.92,0.0,top
CN7,XT90PW-M.G.Y,CONN-TH_XT90PW-M.G.Y,175.155,-62.1825,0.0,top
CN8,XT90PW-M.G.Y,CONN-TH_XT90PW-M.G.Y,103.188,-62.1825,0.0,top
CN9,XT90PW-M.G.Y,CONN-TH_XT90PW-M.G.Y,139.172,-62.1825,0.0,top
D1,BAS21,SOT-23,60.352,-81.55,90.0,top
D10,MBR30200CT,TO-220-3_L10.0-W4.5-P2.54-L-1,138.756,-80.0015,0.0,top
D11,MBR30200CT,TO-220-3_L10.0-W4.5-P2.54-L-1,164.5809,-80.031898,0.0,top
D2,BAS21,SOT-23,87.53,-84.2932,270.0,top
D3,BAS21,SOT-23,102.3128,-79.9752,270.0,top
D4,MBR30200CT,TO-220-3_L10.0-W4.5-P2.54-L-1,191.485,-65.32,90.0,top
D5,MBR30200CT,TO-220-3_L10.0-W4.5-P2.54-L-1,212.0084,-65.308,90.0,top
D6,MBR30200CT,TO-220-3_L10.0-W4.5-P2.54-L-1,232.728,-65.3656,90.0,top
D7,MBR30200CT,TO-220-3_L10.0-W4.5-P2.54-L-1,246.917188,-100.104968,-90.0,top
D8,MBR30200CT,TO-220-3_L10.0-W4.5-P2.54-L-1,226.316588,-100.180568,-90.0,top
D9,MBR30200CT,TO-220-3_L10.0-W4.5-P2.54-L-1,205.819988,-100.135368,-90.0,top
H1,MountingHole_Pad,MountingHole_4.3mm_M4_Pad_Via,255.59,-45.22,0.0,top
H2,MountingHole_Pad,MountingHole_4.3mm_M4_Pad_Via,255.57409,-119.81617,0.0,top
H3,MountingHole_Pad,MountingHole_4.3mm_M4_Pad_Via,32.14,-45.22,0.0,top
H4,MountingHole_Pad,MountingHole_4.3mm_M4_Pad_Via,32.120419,-119.830429,0.0,top
J1,2.54mm Header,PinHeader_1x03_P2.54mm_Vertical,74.576,-104.918,180.0,top
L1,8.2u,L1210,76.51,-93.824998,180.0,top
L2,3.3u,IND-SMD_L2.0-W1.6_AOTA-B201610S3R3-101-T,80.672,-109.49,-90.0,top
LED1,FC-2012UGK-520D5,LED0805-R-RD,87.5508,-117.5762,0.0,top
Q1,IPT007N06N,HSOF-8_IPT007N06N,203.600102,-75.087377,180.0,top
Q2,IPT007N06N,HSOF-8_IPT007N06N,224.123502,-75.075377,180.0,top
Q3,IPT007N06N,HSOF-8_IPT007N06N,244.843102,-75.132977,180.0,top
Q4,IPT007N06N,HSOF-8_IPT007N06N,234.802086,-90.33759,0.0,top
Q5,IPT007N06N,HSOF-8_IPT007N06N,214.201486,-90.41319,0.0,top
Q6,IPT007N06N,HSOF-8_IPT007N06N,193.704886,-90.36799,0.0,top
Q7,IPT007N06N,HSOF-8_IPT007N06N,138.755898,-88.989122,0.0,top
Q8,IPT007N06N,HSOF-8_IPT007N06N,164.397398,-89.030122,0.0,top
R1,33K,R_0402_1005Metric,61.48,-85.85,0.0,top
R10,15k,R_0402_1005Metric,61.45,-84.8,180.0,top
R100,200k,R_0402_1005Metric,171.3625,-91.988,90.0,top
R101,10,R_0402_1005Metric,156.7196,-90.8464,180.0,top
R11,15k,R_0402_1005Metric,75.705,-85.62,180.0,top
R12,15k,R_0402_1005Metric,92.732,-85.134,180.0,top
R13,4.7k,R_0402_1005Metric,63.4,-82.82,0.0,top
R14,4.7k,R_0402_1005Metric,75.695,-83.57,0.0,top
R15,4.7k,R_0402_1005Metric,90.207,-85.604,90.0,top
R16,15k,R_0402_1005Metric,70.84,-84.1,-90.0,top
R17,15k,R_0402_1005Metric,70.84,-86.05,-90.0,top
R18,15k,R_0402_1005Metric,83.31,-82.524998,180.0,top
R19,15k,R_0402_1005Metric,84.915,-84.28,90.0,top
R2,10K,R_0402_1005Metric,61.48,-86.9,180.0,top
R20,15k,R_0402_1005Metric,102.6176,-82.3628,0.0,top
R21,15k,R_0402_1005Metric,102.6176,-83.4296,0.0,top
R22,200k,R_0402_1005Metric,62.03,-92.15,180.0,top
R23,10k,R_0402_1005Metric,62.02,-91.09,0.0,top
R24,200k,R_0402_1005Metric,76.115,-90.87,180.0,top
R25,10k,R_0402_1005Metric,76.115,-89.82,0.0,top
R26,200k,R_0402_1005Metric,101.922,-89.734,0.0,top
R27,10k,R_0402_1005Metric,101.922,-90.804,180.0,top
R28,110k,R_0402_1005Metric,70.84,-88.0,-90.0,top
R29,110k,R_0402_1005Metric,84.965,-87.52,-90.0,top
R3,33K,R_0402_1005Metric,74.02,-87.7,0.0,top
R30,41.2K,R_0402_1005Metric,102.622,-87.634,180.0,top
R31,10k,R_0402_1005Metric,70.83,-93.2,0.0,top
R32,412k,R_0402_1005Metric,85.1154,-94.02,0.0,top
R33,196k,R_0402_1005Metric,68.84,-93.2,0.0,top
R34,88.7K,R_0402_1005Metric,101.922,-91.834,0.0,top
R35,1M,R_0402_1005Metric,85.1154,-92.92,180.0,top
R36,1M,R_0402_1005Metric,101.112,-94.534,0.0,top
R37,10k,R_0402_1005Metric,82.103472,-96.857346,90.0,top
R38,33,R_0402_1005Metric,78.638,-107.966,0.0,top
R39,1k,R_0402_1005Metric,87.6148,-108.4232,90.0,top
R4,10K,R_0402_1005Metric,74.02,-86.7,180.0,top
R40,27,R_0402_1005Metric,83.78,-114.04,-90.0,top
R41,27,R_0402_1005Metric,82.78,-114.05,-90.0,top
R42,330,R_0402_1005Metric,85.1908,-117.3862,-90.0,top
R44,0,R_0402_1005Metric,88.5968,-108.4232,-90.0,top
R45,10k,R_0402_1005Metric,92.6608,-117.2577,0.0,top
R46,1k,R_0402_1005Metric,83.14,-97.9725,-90.0,top
R47,10k,R_0402_1005Metric,123.2461,-71.9233,0.0,bottom
R48,10k,R_0402_1005Metric,117.9111,-71.8333,0.0,bottom
R49,10k,R_0402_1005Metric,123.2361,-79.3233,0.0,bottom
R5,33K,R_0402_1005Metric,92.712,-87.134,0.0,top
R50,10k,R_0402_1005Metric,118.0111,-79.3333,0.0,bottom
R51,10k,R_0402_1005Metric,126.3361,-75.8133,90.0,bottom
R52,10k,R_0402_1005Metric,120.9056,-77.8416,270.0,bottom
R53,10k,R_0402_1005Metric,125.2361,-79.3233,180.0,bottom
R54,10k,R_0402_1005Metric,120.0111,-79.3333,180.0,bottom
R55,10k,R_0402_1005Metric,125.2461,-71.9233,180.0,bottom
R56,10k,R_0402_1005Metric,119.9011,-71.8333,180.0,bottom
R57,5.1k,R_0402_1005Metric,76.5036,-119.5384,270.0,bottom
R58,5.1k,R_0402_1005Metric,79.5036,-119.5484,270.0,bottom
R59,10k,R_0402_1005Metric,122.1361,-75.7233,270.0,bottom
R6,10K,R_0402_1005Metric,92.712,-86.134,180.0,top
R60,10k,R_0402_1005Metric,116.9432,-73.3712,90.0,bottom
R61,10k,R_0402_1005Metric,54.9,-59.51,90.0,top
R62,866k,R_0402_1005Metric,194.61,-62.34,180.0,top
R63,34k,R_0402_1005Metric,194.585,-63.42,0.0,top
R64,866k,R_0402_1005Metric,215.1334,-62.328,180.0,top
R65,34k,R_0402_1005Metric,215.1084,-63.408,0.0,top
R66,866k,R_0402_1005Metric,235.853,-62.3856,180.0,top
R67,34k,R_0402_1005Metric,235.828,-63.4656,0.0,top
R68,866k,R_0402_1005Metric,243.792188,-103.084968,0.0,top
R69,34k,R_0402_1005Metric,243.817188,-102.004968,180.0,top
R7,1k,R_0402_1005Metric,61.455,-83.8,180.0,top
R70,866k,R_0402_1005Metric,223.191588,-103.160568,0.0,top
R71,34k,R_0402_1005Metric,223.216588,-102.080568,180.0,top
R72,866k,R_0402_1005Metric,202.694988,-103.115368,0.0,top
R73,34k,R_0402_1005Metric,202.719988,-102.035368,180.0,top
R74,150k,R_0402_1005Metric,197.635,-61.345,180.0,top
R75,150k,R_0402_1005Metric,218.1584,-61.333,180.0,top
R76,150k,R_0402_1005Metric,238.878,-61.3906,180.0,top
R77,150k,R_0402_1005Metric,240.767188,-104.079968,0.0,top
R78,150k,R_0402_1005Metric,220.166588,-104.155568,0.0,top
R79,150k,R_0402_1005Metric,199.669988,-104.110368,0.0,top
R8,1k,R_0402_1005Metric,75.705,-84.57,180.0,top
R80,200k,R_0402_1005Metric,194.46,-68.97,180.0,top
R81,200k,R_0402_1005Metric,214.9834,-68.958,180.0,top
R82,200k,R_0402_1005Metric,235.703,-69.0156,180.0,top
R83,200k,R_0402_1005Metric,243.942188,-96.454968,0.0,top
R84,200k,R_0402_1005Metric,223.341588,-96.530568,0.0,top
R85,200k,R_0402_1005Metric,202.844988,-96.485368,0.0,top
R86,10,R_0402_1005Metric,194.585,-64.525,0.0,top
R87,10,R_0402_1005Metric,215.1084,-64.513,0.0,top
R88,10,R_0402_1005Metric,235.828,-64.5706,0.0,top
R89,10,R_0402_1005Metric,243.817188,-100.899968,180.0,top
R9,1k,R_0402_1005Metric,91.207,-85.604,-90.0,top
R90,10,R_0402_1005Metric,223.216588,-100.975568,180.0,top
R91,10,R_0402_1005Metric,202.719988,-100.930368,180.0,top
R92,866k,R_0402_1005Metric,144.934,-86.7791,90.0,top
R93,34k,R_0402_1005Metric,144.934,-88.8091,90.0,top
R94,150k,R_0402_1005Metric,147.2388,-83.2711,0.0,top
R95,866k,R_0402_1005Metric,170.588,-87.646,90.0,top
R96,34k,R_0402_1005Metric,170.588,-89.678,90.0,top
R97,150k,R_0402_1005Metric,172.858,-83.884,0.0,top
R98,200k,R_0402_1005Metric,145.696,-91.2,90.0,top
R99,10,R_0402_1005Metric,131.713,-90.4015,180.0,top
SW1,33uH,IND-SMD_L13.5-W12.6,58.59,-99.125,0.0,top
SW2,KMR2,SW_Push_1P1T_NO_CK_KMR2,78.48,-113.554,180.0,top
SW3,RESET SW,SW_Push_1P1T_NO_CK_KMR2,78.386,-97.552,0.0,top
TP4,TestPoint,TestPoint_THTPad_2.0x2.0mm_Drill1.0mm,57.28,-84.93,0.0,top
TP5,TestPoint,TestPoint_THTPad_2.0x2.0mm_Drill1.0mm,73.065,-84.58,0.0,top
TP6,TestPoint,TestPoint_THTPad_2.0x2.0mm_Drill1.0mm,103.122,-85.534,90.0,top
U1,INA780BIDEKR,VQFN-15_L6.0-W6.0-P0.60-TL,66.448,-79.01,0.0,top
U10,RP2350A_C42411118,QFN-60_L7.0-W7.0-P0.40-TL-EP3.4,83.84625,-103.6775,180.0,top
U11,ABM8-272-T3_C20625731,CRYSTAL-SMD_4P-L3.2-W2.5-BL,86.7,-97.55,0.0,top
U12,W25Q128JVSIQTR,SOIC-8_L5.3-W5.3-P1.27-LS8.0-BL,90.1208,-113.8837,0.0,top
U13,TCA4307DGKR,VSSOP-8_L3.0-W3.0-P0.65-LS4.9-BL,124.2111,-75.6333,180.0,bottom
U14,TCA4307DGKR,VSSOP-8_L3.0-W3.0-P0.65-LS4.9-BL,118.9111,-75.6333,180.0,bottom
U15,TXS0108EPWR,TSSOP-20_L6.5-W4.4-P0.65-LS6.4-BL,95.404,-105.172,0.0,bottom
U16,ESTOP,CONN-TH_P5.00_KF301-5.0-2P,49.9,-51.5,-90.0,top
U17,SN74LVC08APWR,TSSOP-14_L5.0-W4.4-P0.65-LS6.4-BL,97.5884,-108.22,0.0,top
U18,SN74LVC08APWR,TSSOP-14_L5.0-W4.4-P0.65-LS6.4-BL,97.5884,-103.0384,180.0,top
U19,LTC7001IMSE#PBF,MSOP-10_L3.0-W3.0-P0.50-LS4.9-BL-EP,197.085,-65.0,180.0,top
U2,MCP9808T-E/MS,MSOP-8_L3.0-W3.0-P0.65-LS4.9-BL,57.304,-88.154,90.0,top
U20,LTC7001IMSE#PBF,MSOP-10_L3.0-W3.0-P0.50-LS4.9-BL-EP,217.6084,-64.988,180.0,top
U21,LTC7001IMSE#PBF,MSOP-10_L3.0-W3.0-P0.50-LS4.9-BL-EP,238.328,-65.0456,180.0,top
U22,LTC7001IMSE#PBF,MSOP-10_L3.0-W3.0-P0.50-LS4.9-BL-EP,241.317188,-100.424968,0.0,top
U23,LTC7001IMSE#PBF,MSOP-10_L3.0-W3.0-P0.50-LS4.9-BL-EP,220.716588,-100.500568,0.0,top
U24,LTC7001IMSE#PBF,MSOP-10_L3.0-W3.0-P0.50-LS4.9-BL-EP,200.219988,-100.455368,0.0,top
U25,INA780BIDEKR,VQFN-15_L6.0-W6.0-P0.60-TL,202.985,-64.17,180.0,top
U26,INA780BIDEKR,VQFN-15_L6.0-W6.0-P0.60-TL,223.5084,-64.158,180.0,top
U27,INA780BIDEKR,VQFN-15_L6.0-W6.0-P0.60-TL,244.228,-64.2156,180.0,top
U28,INA780BIDEKR,VQFN-15_L6.0-W6.0-P0.60-TL,235.417188,-101.254968,0.0,top
U29,INA780BIDEKR,VQFN-15_L6.0-W6.0-P0.60-TL,214.816588,-101.330568,0.0,top
U3,TPS1HA08BQPWPRQ1,HTSSOP-16_L5.0-W4.4-P0.65-LS6.4-TL-EP2.9,66.37,-86.05,270.0,top
U30,INA780BIDEKR,VQFN-15_L6.0-W6.0-P0.60-TL,194.319988,-101.285368,0.0,top
U31,LTC7001IMSE#PBF,MSOP-10_L3.0-W3.0-P0.50-LS4.9-BL-EP,147.22,-86.8455,180.0,top
U32,LTC7001IMSE#PBF,MSOP-10_L3.0-W3.0-P0.50-LS4.9-BL-EP,172.874,-87.392,180.0,top
U33,INA780BIDEKR,VQFN-15_L6.0-W6.0-P0.60-TL,138.8256,-99.5271,0.0,top
U34,INA780BIDEKR,VQFN-15_L6.0-W6.0-P0.60-TL,164.4285,-99.811898,0.0,top
U35,MCP9808T-E/MS,MSOP-8_L3.0-W3.0-P0.65-LS4.9-BL,214.262,-72.37,-90.0,top
U36,MCP9808T-E/MS,MSOP-8_L3.0-W3.0-P0.65-LS4.9-BL,153.28,-86.6195,0.0,top
U4,TPS1HA08BQPWPRQ1,HTSSOP-16_L5.0-W4.4-P0.65-LS6.4-TL-EP2.9,80.535,-85.8,270.0,top
U5,TPS1HA08BQPWPRQ1,HTSSOP-16_L5.0-W4.4-P0.65-LS6.4-TL-EP2.9,97.6212,-85.854,270.0,top
U6,LT8612EUDE#TRPBF,QFN-28_L6.0-W3.0-P0.50-BL-EP,66.4408,-90.824,90.0,top
U7,LT8612EUDE#TRPBF,QFN-28_L6.0-W3.0-P0.50-BL-EP,80.495,-90.57,90.0,top
U8,LT8612EUDE#TRPBF,QFN-28_L6.0-W3.0-P0.50-BL-EP,97.472,-90.454,90.0,top
U9,10uH,IND-SMD_L7.2-W6.6_GPSR07X0,92.222,-95.684,-90.0,top
USB1,TYPE-C 16PIN 2MD,USB-C-SMD_TYPE-C-16PIN-2MD-073,78.132,-119.7585,0.0,top
